"Status","Start Time","Stop Time","Duration in ms","Parent Suite","Suite","Sub Suite","Test Class","Test Method","Name","Description"
"passed","Sun Mar 14 20:51:00 CST 2021","Sun Mar 14 20:51:00 CST 2021","0","","test_fixture","TestFixture","","","test_print_random[98]",""
"failed","Sun Mar 14 20:51:00 CST 2021","Sun Mar 14 20:51:00 CST 2021","0","","test_calculator","TestCalculator","","","test_minus[1-2-3]",""
"passed","Sun Mar 14 20:50:58 CST 2021","Sun Mar 14 20:50:58 CST 2021","0","","test_cal","TestCalculator","","","test_minus[5-4-1]",""
"passed","Sun Mar 14 20:51:00 CST 2021","Sun Mar 14 20:51:00 CST 2021","1","","test_fixture","TestFixture","","","test_print_random1[98]",""
"passed","Sun Mar 14 20:51:03 CST 2021","Sun Mar 14 20:51:03 CST 2021","7","","test_cal","TestCalculator1","","","test_add[鍔犳硶娴嬭瘯2]",""
"passed","Sun Mar 14 20:51:00 CST 2021","Sun Mar 14 20:51:00 CST 2021","0","","test_cal","TestCalculator","","","test_divide[1-1-1]",""
"passed","Sun Mar 14 20:51:00 CST 2021","Sun Mar 14 20:51:00 CST 2021","0","","test_calculator","TestCalculator","","","test_add[4-7-11]",""
"failed","Sun Mar 14 20:51:00 CST 2021","Sun Mar 14 20:51:00 CST 2021","0","","test_calculator","TestCalculator","","","test_divide[1-2-3]",""
"passed","Sun Mar 14 20:51:03 CST 2021","Sun Mar 14 20:51:03 CST 2021","0","","test_cal","TestCalculator1","","","test_divide[4-2-2]",""
"failed","Sun Mar 14 20:51:00 CST 2021","Sun Mar 14 20:51:00 CST 2021","0","","test_demo","TestDemo","","","test_a[10-20]",""
"failed","Sun Mar 14 20:51:00 CST 2021","Sun Mar 14 20:51:00 CST 2021","0","","test_calculator","TestCalculator","","","test_minus[2-4-5]",""
"passed","Sun Mar 14 20:51:00 CST 2021","Sun Mar 14 20:51:00 CST 2021","0","","test_demo","TestDemo","","","test_b[3-1]",""
"passed","Sun Mar 14 20:51:03 CST 2021","Sun Mar 14 20:51:03 CST 2021","0","","test_cal","TestCalculator1","","","test_minus[2-2-0]",""
"passed","Sun Mar 14 20:51:00 CST 2021","Sun Mar 14 20:51:00 CST 2021","1","","test_cal","TestCalculator1","","","test_multiple[1-1-1]",""
"failed","Sun Mar 14 20:50:58 CST 2021","Sun Mar 14 20:50:58 CST 2021","-1","","test_cal","TestCalculator","","","test_add[鍔犳硶娴嬭瘯1]",""
"passed","Sun Mar 14 20:51:00 CST 2021","Sun Mar 14 20:51:00 CST 2021","0","","test_demo","TestDemo","","","test_b[3-2]",""
"passed","Sun Mar 14 20:51:00 CST 2021","Sun Mar 14 20:51:00 CST 2021","0","","test_cal","TestCalculator","","","test_divide[4-2-2]",""
"passed","Sun Mar 14 20:51:00 CST 2021","Sun Mar 14 20:51:00 CST 2021","0","","test_demo","TestDemo","","","test_c",""
"passed","Sun Mar 14 20:50:56 CST 2021","Sun Mar 14 20:50:56 CST 2021","52","","test_cal","TestCalculator","","","test_add[鍔犳硶娴嬭瘯2]",""
"failed","Sun Mar 14 20:51:00 CST 2021","Sun Mar 14 20:51:00 CST 2021","1","","test_calculator","TestCalculator","","","test_multiple[2-4-5]",""
"failed","Sun Mar 14 20:51:00 CST 2021","Sun Mar 14 20:51:00 CST 2021","1","","test_demo","TestDemo","","","test_a[a-a1]",""
"passed","Sun Mar 14 20:50:58 CST 2021","Sun Mar 14 20:50:58 CST 2021","0","","test_cal","TestCalculator","","","test_minus[2-2-0]",""
"passed","Sun Mar 14 20:51:00 CST 2021","Sun Mar 14 20:51:00 CST 2021","0","","test_demo","TestDemo","","","test_b[4-1]",""
"passed","Sun Mar 14 20:50:58 CST 2021","Sun Mar 14 20:50:58 CST 2021","0","","test_cal","TestCalculator","","","test_multiple[1-1-1]",""
"passed","Sun Mar 14 20:51:00 CST 2021","Sun Mar 14 20:51:00 CST 2021","0","","test_demo","TestDemo","","","test_b[4-2]",""
"failed","Sun Mar 14 20:51:03 CST 2021","Sun Mar 14 20:51:03 CST 2021","1","","test_cal","TestCalculator1","","","test_multiple[1-2-3]",""
"passed","Sun Mar 14 20:51:03 CST 2021","Sun Mar 14 20:51:03 CST 2021","0","","test_cal","TestCalculator1","","","test_divide[1-1-1]",""
"passed","Sun Mar 14 20:51:00 CST 2021","Sun Mar 14 20:51:00 CST 2021","0","","test_demo","TestDemo","","","test_a[10-10]",""
"failed","Sun Mar 14 20:51:00 CST 2021","Sun Mar 14 20:51:00 CST 2021","0","","test_calculator","TestCalculator","","","test_divide[4-7-11]",""
"failed","Sun Mar 14 20:51:05 CST 2021","Sun Mar 14 20:51:05 CST 2021","-1","","test_cal","TestCalculator1","","","test_add[鍔犳硶娴嬭瘯1]",""
"failed","Sun Mar 14 20:51:00 CST 2021","Sun Mar 14 20:51:00 CST 2021","0","","test_calculator","TestCalculator","","","test_divide[2-4-5]",""
"failed","Sun Mar 14 20:51:00 CST 2021","Sun Mar 14 20:51:00 CST 2021","0","","test_calculator","TestCalculator","","","test_multiple[1-2-3]",""
"failed","Sun Mar 14 20:51:00 CST 2021","Sun Mar 14 20:51:00 CST 2021","0","","test_cal","TestCalculator","","","test_multiple[1-2-3]",""
"passed","Sun Mar 14 20:51:03 CST 2021","Sun Mar 14 20:51:03 CST 2021","0","","test_cal","TestCalculator1","","","test_minus[5-4-1]",""
"failed","Sun Mar 14 20:51:00 CST 2021","Sun Mar 14 20:51:00 CST 2021","0","","test_calculator","TestCalculator","","","test_multiple[4-7-11]",""
"passed","Sun Mar 14 20:51:00 CST 2021","Sun Mar 14 20:51:00 CST 2021","1","","test_calculator","TestCalculator","","","test_add[1-2-3]",""
"failed","Sun Mar 14 20:51:00 CST 2021","Sun Mar 14 20:51:00 CST 2021","0","","test_calculator","TestCalculator","","","test_add[2-4-5]",""
"failed","Sun Mar 14 20:51:00 CST 2021","Sun Mar 14 20:51:00 CST 2021","0","","test_calculator","TestCalculator","","","test_minus[4-7-11]",""
